,202,...2,...3,...4,codes,category,scheme,pre1,pre2,pre3,phrase,feature,subst,ar,regex,repl,regexcor,test
1,1,1,1,NA,#9 0 art/det#,2,1,%,0,AD,zero,article/determiner,%0AD: zero article/determiner,1,(#9 0 art/det#),%#%,(#9 0 art/det#),test3
2,2,2,2,6,# 9nst agmt#,1,9,%,N,AG,nonstandard,agreement,%NAG: nonstandard agreement,2,(# 9nst agmt#)|(# 9nst agmt#)|(9nst agmt)|(9nst agmt)|(9nst agmt)|(#9nst agmt\.#)|(#9nst agmt#)|(# 9nst agmt#),%#%,(# 9nst agmt#)|(# 9nst agmt#)|(9nst agmt)|(9nst agmt)|(9nst agmt)|(#9nst agmt\.#)|(#9nst agmt#)|(# 9nst agmt#),test3
3,3,3,3,17,# 9nst agmt#,1,9,%,N,AG,nonstandard,agreement,%NAG: nonstandard agreement,2,(# 9nst agmt#)|(# 9nst agmt#)|(9nst agmt)|(9nst agmt)|(9nst agmt)|(#9nst agmt\.#)|(#9nst agmt#)|(# 9nst agmt#),%#%,(# 9nst agmt#)|(# 9nst agmt#)|(9nst agmt)|(9nst agmt)|(9nst agmt)|(#9nst agmt\.#)|(#9nst agmt#)|(# 9nst agmt#),test3
4,4,4,4,76,9nst agmt,1,9,%,N,AG,nonstandard,agreement,%NAG: nonstandard agreement,2,(# 9nst agmt#)|(# 9nst agmt#)|(9nst agmt)|(9nst agmt)|(9nst agmt)|(#9nst agmt\.#)|(#9nst agmt#)|(# 9nst agmt#),%#%,(# 9nst agmt#)|(# 9nst agmt#)|(9nst agmt)|(9nst agmt)|(9nst agmt)|(#9nst agmt\.#)|(#9nst agmt#)|(# 9nst agmt#),test3
5,5,5,5,95,9nst agmt,1,9,%,N,AG,nonstandard,agreement,%NAG: nonstandard agreement,2,(# 9nst agmt#)|(# 9nst agmt#)|(9nst agmt)|(9nst agmt)|(9nst agmt)|(#9nst agmt\.#)|(#9nst agmt#)|(# 9nst agmt#),%#%,(# 9nst agmt#)|(# 9nst agmt#)|(9nst agmt)|(9nst agmt)|(9nst agmt)|(#9nst agmt\.#)|(#9nst agmt#)|(# 9nst agmt#),test3
6,6,6,6,141,9nst agmt,1,9,%,N,AG,nonstandard,agreement,%NAG: nonstandard agreement,2,(# 9nst agmt#)|(# 9nst agmt#)|(9nst agmt)|(9nst agmt)|(9nst agmt)|(#9nst agmt\.#)|(#9nst agmt#)|(# 9nst agmt#),%#%,(# 9nst agmt#)|(# 9nst agmt#)|(9nst agmt)|(9nst agmt)|(9nst agmt)|(#9nst agmt\.#)|(#9nst agmt#)|(# 9nst agmt#),test3
7,7,7,7,NA,#9nst agmt.#,1,1,%,N,AG,nonstandard,agreement,%NAG: nonstandard agreement,2,(# 9nst agmt#)|(# 9nst agmt#)|(9nst agmt)|(9nst agmt)|(9nst agmt)|(#9nst agmt\.#)|(#9nst agmt#)|(# 9nst agmt#),%#%,(# 9nst agmt#)|(# 9nst agmt#)|(9nst agmt)|(9nst agmt)|(9nst agmt)|(#9nst agmt\.#)|(#9nst agmt#)|(# 9nst agmt#),test3
8,8,8,8,NA,#9nst agmt#,1,1,%,N,AG,nonstandard,agreement,%NAG: nonstandard agreement,2,(# 9nst agmt#)|(# 9nst agmt#)|(9nst agmt)|(9nst agmt)|(9nst agmt)|(#9nst agmt\.#)|(#9nst agmt#)|(# 9nst agmt#),%#%,(# 9nst agmt#)|(# 9nst agmt#)|(9nst agmt)|(9nst agmt)|(9nst agmt)|(#9nst agmt\.#)|(#9nst agmt#)|(# 9nst agmt#),test3
9,9,9,9,NA,# 9nst agmt#,1,1,%,N,AG,nonstandard,agreement,%NAG: nonstandard agreement,2,(# 9nst agmt#)|(# 9nst agmt#)|(9nst agmt)|(9nst agmt)|(9nst agmt)|(#9nst agmt\.#)|(#9nst agmt#)|(# 9nst agmt#),%#%,(# 9nst agmt#)|(# 9nst agmt#)|(9nst agmt)|(9nst agmt)|(9nst agmt)|(#9nst agmt\.#)|(#9nst agmt#)|(# 9nst agmt#),test3
10,10,10,10,NA,# 90 art 90 prep#,2,1,%,0,AP,zero,article/preposition,%0AP: zero article/preposition,3,(# 90 art 90 prep#),%#%,(# 90 art 90 prep#),test3
11,11,11,11,4,prep 90 art#,2,9,%,0,AR,zero,article,%0AR: zero article,4,(prep 90 art#)|(90 art#)|(# 90 art\.)|(prep 90 art#)|(90 art#)|(90 art)|(90 art)|(90 art)|(90 art\.)|(#90 art\.#)|(#90 art#)|(#9 0 art#)|(#0 art#)|(#90 art\?#),%#%,(prep 90 art#)|(90 art#)|(# 90 art\.)|(prep 90 art#)|(90 art#)|(90 art)|(90 art)|(90 art)|(90 art\.)|(#90 art\.#)|(#90 art#)|(#9 0 art#)|(#0 art#)|(#90 art\?#),test3
12,12,12,12,8,90 art#,2,9,%,0,AR,zero,article,%0AR: zero article,4,(prep 90 art#)|(90 art#)|(# 90 art\.)|(prep 90 art#)|(90 art#)|(90 art)|(90 art)|(90 art)|(90 art\.)|(#90 art\.#)|(#90 art#)|(#9 0 art#)|(#0 art#)|(#90 art\?#),%#%,(prep 90 art#)|(90 art#)|(# 90 art\.)|(prep 90 art#)|(90 art#)|(90 art)|(90 art)|(90 art)|(90 art\.)|(#90 art\.#)|(#90 art#)|(#9 0 art#)|(#0 art#)|(#90 art\?#),test3
13,13,13,13,9,# 90 art.,2,9,%,0,AR,zero,article,%0AR: zero article,4,(prep 90 art#)|(90 art#)|(# 90 art\.)|(prep 90 art#)|(90 art#)|(90 art)|(90 art)|(90 art)|(90 art\.)|(#90 art\.#)|(#90 art#)|(#9 0 art#)|(#0 art#)|(#90 art\?#),%#%,(prep 90 art#)|(90 art#)|(# 90 art\.)|(prep 90 art#)|(90 art#)|(90 art)|(90 art)|(90 art)|(90 art\.)|(#90 art\.#)|(#90 art#)|(#9 0 art#)|(#0 art#)|(#90 art\?#),test3
14,14,14,14,15,prep 90 art#,2,9,%,0,AR,zero,article,%0AR: zero article,4,(prep 90 art#)|(90 art#)|(# 90 art\.)|(prep 90 art#)|(90 art#)|(90 art)|(90 art)|(90 art)|(90 art\.)|(#90 art\.#)|(#90 art#)|(#9 0 art#)|(#0 art#)|(#90 art\?#),%#%,(prep 90 art#)|(90 art#)|(# 90 art\.)|(prep 90 art#)|(90 art#)|(90 art)|(90 art)|(90 art)|(90 art\.)|(#90 art\.#)|(#90 art#)|(#9 0 art#)|(#0 art#)|(#90 art\?#),test3
15,15,15,15,19,90 art#,2,9,%,0,AR,zero,article,%0AR: zero article,4,(prep 90 art#)|(90 art#)|(# 90 art\.)|(prep 90 art#)|(90 art#)|(90 art)|(90 art)|(90 art)|(90 art\.)|(#90 art\.#)|(#90 art#)|(#9 0 art#)|(#0 art#)|(#90 art\?#),%#%,(prep 90 art#)|(90 art#)|(# 90 art\.)|(prep 90 art#)|(90 art#)|(90 art)|(90 art)|(90 art)|(90 art\.)|(#90 art\.#)|(#90 art#)|(#9 0 art#)|(#0 art#)|(#90 art\?#),test3
16,16,16,16,32,90 art,2,9,%,0,AR,zero,article,%0AR: zero article,4,(prep 90 art#)|(90 art#)|(# 90 art\.)|(prep 90 art#)|(90 art#)|(90 art)|(90 art)|(90 art)|(90 art\.)|(#90 art\.#)|(#90 art#)|(#9 0 art#)|(#0 art#)|(#90 art\?#),%#%,(prep 90 art#)|(90 art#)|(# 90 art\.)|(prep 90 art#)|(90 art#)|(90 art)|(90 art)|(90 art)|(90 art\.)|(#90 art\.#)|(#90 art#)|(#9 0 art#)|(#0 art#)|(#90 art\?#),test3
17,17,17,17,42,90 art,2,9,%,0,AR,zero,article,%0AR: zero article,4,(prep 90 art#)|(90 art#)|(# 90 art\.)|(prep 90 art#)|(90 art#)|(90 art)|(90 art)|(90 art)|(90 art\.)|(#90 art\.#)|(#90 art#)|(#9 0 art#)|(#0 art#)|(#90 art\?#),%#%,(prep 90 art#)|(90 art#)|(# 90 art\.)|(prep 90 art#)|(90 art#)|(90 art)|(90 art)|(90 art)|(90 art\.)|(#90 art\.#)|(#90 art#)|(#9 0 art#)|(#0 art#)|(#90 art\?#),test3
18,18,18,18,78,90 art,2,9,%,0,AR,zero,article,%0AR: zero article,4,(prep 90 art#)|(90 art#)|(# 90 art\.)|(prep 90 art#)|(90 art#)|(90 art)|(90 art)|(90 art)|(90 art\.)|(#90 art\.#)|(#90 art#)|(#9 0 art#)|(#0 art#)|(#90 art\?#),%#%,(prep 90 art#)|(90 art#)|(# 90 art\.)|(prep 90 art#)|(90 art#)|(90 art)|(90 art)|(90 art)|(90 art\.)|(#90 art\.#)|(#90 art#)|(#9 0 art#)|(#0 art#)|(#90 art\?#),test3
19,18,18,18,78,#90 art,2,9,%,0,AR,zero,article,%0AR: zero article,4,(prep 90 art#)|(90 art#)|(# 90 art\.)|(prep 90 art#)|(90 art#)|(90 art)|(90 art)|(90 art)|(90 art\.)|(#90 art\.#)|(#90 art#)|(#9 0 art#)|(#0 art#)|(#90 art\?#),%#%,(prep 90 art#)|(90 art#)|(# 90 art\.)|(prep 90 art#)|(90 art#)|(90 art)|(90 art)|(90 art)|(90 art\.)|(#90 art\.#)|(#90 art#)|(#9 0 art#)|(#0 art#)|(#90 art\?#),test3
20,19,19,19,79,90 art.,2,9,%,0,AR,zero,article,%0AR: zero article,4,(prep 90 art#)|(90 art#)|(# 90 art\.)|(prep 90 art#)|(90 art#)|(90 art)|(90 art)|(90 art)|(90 art\.)|(#90 art\.#)|(#90 art#)|(#9 0 art#)|(#0 art#)|(#90 art\?#),%#%,(prep 90 art#)|(90 art#)|(# 90 art\.)|(prep 90 art#)|(90 art#)|(90 art)|(90 art)|(90 art)|(90 art\.)|(#90 art\.#)|(#90 art#)|(#9 0 art#)|(#0 art#)|(#90 art\?#),test3
21,20,20,20,NA,#90 art.#,2,1,%,0,AR,zero,article,%0AR: zero article,4,(prep 90 art#)|(90 art#)|(# 90 art\.)|(prep 90 art#)|(90 art#)|(90 art)|(90 art)|(90 art)|(90 art\.)|(#90 art\.#)|(#90 art#)|(#9 0 art#)|(#0 art#)|(#90 art\?#),%#%,(prep 90 art#)|(90 art#)|(# 90 art\.)|(prep 90 art#)|(90 art#)|(90 art)|(90 art)|(90 art)|(90 art\.)|(#90 art\.#)|(#90 art#)|(#9 0 art#)|(#0 art#)|(#90 art\?#),test3
22,21,21,21,NA,#90 art#,2,1,%,0,AR,zero,article,%0AR: zero article,4,(prep 90 art#)|(90 art#)|(# 90 art\.)|(prep 90 art#)|(90 art#)|(90 art)|(90 art)|(90 art)|(90 art\.)|(#90 art\.#)|(#90 art#)|(#9 0 art#)|(#0 art#)|(#90 art\?#),%#%,(prep 90 art#)|(90 art#)|(# 90 art\.)|(prep 90 art#)|(90 art#)|(90 art)|(90 art)|(90 art)|(90 art\.)|(#90 art\.#)|(#90 art#)|(#9 0 art#)|(#0 art#)|(#90 art\?#),test3
23,22,22,22,NA,#9 0 art#,2,1,%,0,AR,zero,article,%0AR: zero article,4,(prep 90 art#)|(90 art#)|(# 90 art\.)|(prep 90 art#)|(90 art#)|(90 art)|(90 art)|(90 art)|(90 art\.)|(#90 art\.#)|(#90 art#)|(#9 0 art#)|(#0 art#)|(#90 art\?#),%#%,(prep 90 art#)|(90 art#)|(# 90 art\.)|(prep 90 art#)|(90 art#)|(90 art)|(90 art)|(90 art)|(90 art\.)|(#90 art\.#)|(#90 art#)|(#9 0 art#)|(#0 art#)|(#90 art\?#),test3
24,23,23,23,NA,#0 art#,2,1,%,0,AR,zero,article,%0AR: zero article,4,(prep 90 art#)|(90 art#)|(# 90 art\.)|(prep 90 art#)|(90 art#)|(90 art)|(90 art)|(90 art)|(90 art\.)|(#90 art\.#)|(#90 art#)|(#9 0 art#)|(#0 art#)|(#90 art\?#),%#%,(prep 90 art#)|(90 art#)|(# 90 art\.)|(prep 90 art#)|(90 art#)|(90 art)|(90 art)|(90 art)|(90 art\.)|(#90 art\.#)|(#90 art#)|(#9 0 art#)|(#0 art#)|(#90 art\?#),test3
25,24,24,24,NA,#90 art?#,2,1,%,0,AR,zero,article,%0AR: zero article,4,(prep 90 art#)|(90 art#)|(# 90 art\.)|(prep 90 art#)|(90 art#)|(90 art)|(90 art)|(90 art)|(90 art\.)|(#90 art\.#)|(#90 art#)|(#9 0 art#)|(#0 art#)|(#90 art\?#),%#%,(prep 90 art#)|(90 art#)|(# 90 art\.)|(prep 90 art#)|(90 art#)|(90 art)|(90 art)|(90 art)|(90 art\.)|(#90 art\.#)|(#90 art#)|(#9 0 art#)|(#0 art#)|(#90 art\?#),test3
26,25,25,25,NA,#9nst art#,1,1,%,N,AR,nonstandard,article,%NAR: nonstandard article,5,(#9nst art#),%#%,(#9nst art#),test3
27,26,26,26,NA,#90 aux #,2,1,%,0,AU,zero,auxiliary,%0AU: zero auxiliary,6,(#90 aux #),%#%,(#90 aux #),test3
28,27,27,27,NA,#9nst compar.#,1,1,%,N,CM,nonstandard,comparison,%NCM: nonstandard comparison,7,(#9nst compar\.#)|(#9nst compar#),%#%,(#9nst compar\.#)|(#9nst compar#),test3
29,28,28,28,NA,#9nst compar#,1,1,%,N,CM,nonstandard,comparison,%NCM: nonstandard comparison,7,(#9nst compar\.#)|(#9nst compar#),%#%,(#9nst compar\.#)|(#9nst compar#),test3
30,29,29,29,NA,#9nst conditional#,1,1,%,N,CN,nonstandard,conditional,%NCN: nonstandard conditional,8,(#9nst conditional#),%#%,(#9nst conditional#),test3
31,30,30,30,58,90 cop.,2,9,%,0,CP,zero,copula,%0CP: zero copula,9,(90 cop\.)|(#90 cop#)|(#90 cop\?#)|(#9 0 cop#),%#%,(90 cop\.)|(#90 cop#)|(#90 cop\?#)|(#9 0 cop#),test3
32,31,31,31,NA,#90 cop#,2,1,%,0,CP,zero,copula,%0CP: zero copula,9,(90 cop\.)|(#90 cop#)|(#90 cop\?#)|(#9 0 cop#),%#%,(90 cop\.)|(#90 cop#)|(#90 cop\?#)|(#9 0 cop#),test3
33,32,32,32,NA,#90 cop?#,2,1,%,0,CP,zero,copula,%0CP: zero copula,9,(90 cop\.)|(#90 cop#)|(#90 cop\?#)|(#9 0 cop#),%#%,(90 cop\.)|(#90 cop#)|(#90 cop\?#)|(#9 0 cop#),test3
34,33,33,33,NA,#9 0 cop#,2,1,%,0,CP,zero,copula,%0CP: zero copula,9,(90 cop\.)|(#90 cop#)|(#90 cop\?#)|(#9 0 cop#),%#%,(90 cop\.)|(#90 cop#)|(#90 cop\?#)|(#9 0 cop#),test3
35,34,34,34,NA,#9extra art#,1,1,%,N,EA,nonstandard,extra article,%NEA: nonstandard extra article,10,(#9extra art#),%#%,(#9extra art#),test3
36,35,35,35,NA,#9 0 existential#,2,1,%,0,EX,zero,existential,%0ES: zero existential,11,(#9 0 existential#),%#%,(#9 0 existential#),test3
37,36,36,36,NA,#9nst existential#,1,1,%,N,EX,nonstandard,existential,%NEX: nonstandard existential,12,(#9nst existential#),%#%,(#9nst existential#),test3
38,37,37,37,NA,9nst ext#,1,9,%,N,EX,nonstandard,existential,%NEX: nonstandard existential,13,(9nst ext#)|(9nst ext#),%#%,(9nst ext#)|(9nst ext#),test3
39,38,38,38,NA,9nst ext#,1,1,%,N,EX,nonstandard,existential,%NEX: nonstandard existential,13,(9nst ext#)|(9nst ext#),%#%,(9nst ext#)|(9nst ext#),test3
40,39,39,39,11,# 9nst#,1,9,%,N,NS,nonstandard,not specified,%NGG: nonstandard general,14,(# 9nst#)|(# 9nst#)|(9nst)|(9nst)|(9nst)|(9nst\.)|(#9nst#)|(#9nst #)|(# 9nst#)|(#9nst),%#%,(# 9nst#)|(# 9nst#)|(9nst)|(9nst)|(9nst)|(9nst\.)|(#9nst#)|(#9nst #)|(# 9nst#)|(#9nst),test3
41,40,40,40,22,# 9nst#,1,9,%,N,NS,nonstandard,not specified,%NGG: nonstandard general,14,(# 9nst#)|(# 9nst#)|(9nst)|(9nst)|(9nst)|(9nst\.)|(#9nst#)|(#9nst #)|(# 9nst#)|(#9nst),%#%,(# 9nst#)|(# 9nst#)|(9nst)|(9nst)|(9nst)|(9nst\.)|(#9nst#)|(#9nst #)|(# 9nst#)|(#9nst),test3
42,41,41,41,38,9nst,1,9,%,N,NS,nonstandard,not specified,%NGG: nonstandard general,14,(# 9nst#)|(# 9nst#)|(9nst)|(9nst)|(9nst)|(9nst\.)|(#9nst#)|(#9nst #)|(# 9nst#)|(#9nst),%#%,(# 9nst#)|(# 9nst#)|(9nst)|(9nst)|(9nst)|(9nst\.)|(#9nst#)|(#9nst #)|(# 9nst#)|(#9nst),test3
43,42,42,42,39,9nst,1,9,%,N,NS,nonstandard,not specified,%NGG: nonstandard general,14,(# 9nst#)|(# 9nst#)|(9nst)|(9nst)|(9nst)|(9nst\.)|(#9nst#)|(#9nst #)|(# 9nst#)|(#9nst),%#%,(# 9nst#)|(# 9nst#)|(9nst)|(9nst)|(9nst)|(9nst\.)|(#9nst#)|(#9nst #)|(# 9nst#)|(#9nst),test3
44,43,43,43,40,9nst,1,9,%,N,NS,nonstandard,not specified,%NGG: nonstandard general,14,(# 9nst#)|(# 9nst#)|(9nst)|(9nst)|(9nst)|(9nst\.)|(#9nst#)|(#9nst #)|(# 9nst#)|(#9nst),%#%,(# 9nst#)|(# 9nst#)|(9nst)|(9nst)|(9nst)|(9nst\.)|(#9nst#)|(#9nst #)|(# 9nst#)|(#9nst),test3
45,44,44,44,113,9nst.,1,9,%,N,NS,nonstandard,not specified,%NGG: nonstandard general,14,(# 9nst#)|(# 9nst#)|(9nst)|(9nst)|(9nst)|(9nst\.)|(#9nst#)|(#9nst #)|(# 9nst#)|(#9nst),%#%,(# 9nst#)|(# 9nst#)|(9nst)|(9nst)|(9nst)|(9nst\.)|(#9nst#)|(#9nst #)|(# 9nst#)|(#9nst),test3
46,45,45,45,NA,#9nst#,1,1,%,N,NS,nonstandard,not specified,%NGG: nonstandard general,14,(# 9nst#)|(# 9nst#)|(9nst)|(9nst)|(9nst)|(9nst\.)|(#9nst#)|(#9nst #)|(# 9nst#)|(#9nst),%#%,(# 9nst#)|(# 9nst#)|(9nst)|(9nst)|(9nst)|(9nst\.)|(#9nst#)|(#9nst #)|(# 9nst#)|(#9nst),test3
47,46,46,46,NA,#9nst #,1,1,%,N,NS,nonstandard,not specified,%NGG: nonstandard general,14,(# 9nst#)|(# 9nst#)|(9nst)|(9nst)|(9nst)|(9nst\.)|(#9nst#)|(#9nst #)|(# 9nst#)|(#9nst),%#%,(# 9nst#)|(# 9nst#)|(9nst)|(9nst)|(9nst)|(9nst\.)|(#9nst#)|(#9nst #)|(# 9nst#)|(#9nst),test3
48,47,47,47,NA,# 9nst#,1,1,%,N,NS,nonstandard,not specified,%NGG: nonstandard general,14,(# 9nst#)|(# 9nst#)|(9nst)|(9nst)|(9nst)|(9nst\.)|(#9nst#)|(#9nst #)|(# 9nst#)|(#9nst),%#%,(# 9nst#)|(# 9nst#)|(9nst)|(9nst)|(9nst)|(9nst\.)|(#9nst#)|(#9nst #)|(# 9nst#)|(#9nst),test3
49,48,48,48,NA,#9nst,1,1,%,N,NS,nonstandard,not specified,%NGG: nonstandard general,14,(# 9nst#)|(# 9nst#)|(9nst)|(9nst)|(9nst)|(9nst\.)|(#9nst#)|(#9nst #)|(# 9nst#)|(#9nst),%#%,(# 9nst#)|(# 9nst#)|(9nst)|(9nst)|(9nst)|(9nst\.)|(#9nst#)|(#9nst #)|(# 9nst#)|(#9nst),test3
50,49,49,49,65,"9double feminine, nst",1,9,%,N,GN,nonstandard,gender,%NGN: nonstandard genus,15,"(9double feminine, nst)|(9nst gen)|(#9nst gen#)|(#9 nst gen#)|(#9nst gen)",%#%,"(9double feminine, nst)|(9nst gen)|(#9nst gen#)|(#9 nst gen#)|(#9nst gen)",test3
51,50,50,50,77,9nst gen,1,9,%,N,GN,nonstandard,gender,%NGN: nonstandard genus,15,"(9double feminine, nst)|(9nst gen)|(#9nst gen#)|(#9 nst gen#)|(#9nst gen)",%#%,"(9double feminine, nst)|(9nst gen)|(#9nst gen#)|(#9 nst gen#)|(#9nst gen)",test3
52,51,51,51,NA,#9nst gen#,1,1,%,N,GN,nonstandard,gender,%NGN: nonstandard genus,15,"(9double feminine, nst)|(9nst gen)|(#9nst gen#)|(#9 nst gen#)|(#9nst gen)",%#%,"(9double feminine, nst)|(9nst gen)|(#9nst gen#)|(#9 nst gen#)|(#9nst gen)",test3
53,52,52,52,NA,#9 nst gen#,1,1,%,N,GN,nonstandard,gender,%NGN: nonstandard genus,15,"(9double feminine, nst)|(9nst gen)|(#9nst gen#)|(#9 nst gen#)|(#9nst gen)",%#%,"(9double feminine, nst)|(9nst gen)|(#9nst gen#)|(#9 nst gen#)|(#9nst gen)",test3
54,53,53,53,NA,#9nst gen,1,1,%,N,GN,nonstandard,gender,%NGN: nonstandard genus,15,"(9double feminine, nst)|(9nst gen)|(#9nst gen#)|(#9 nst gen#)|(#9nst gen)",%#%,"(9double feminine, nst)|(9nst gen)|(#9nst gen#)|(#9 nst gen#)|(#9nst gen)",test3
55,54,54,54,NA,#9nst i.o.#,1,1,%,N,IO,nonstandard,i.o.,%NIO: nonstandard i.o.,16,(#9nst i\.o\.#),%#%,(#9nst i\.o\.#),test3
56,55,55,55,35,90 obj,2,9,%,0,OB,zero,object,%0OB: zero object,17,(90 obj)|(90 obj)|(#90 obj#)|(#90 obj\.#),%#%,(90 obj)|(90 obj)|(#90 obj#)|(#90 obj\.#),test3
57,56,56,56,121,90 obj,2,9,%,0,OB,zero,object,%0OB: zero object,17,(90 obj)|(90 obj)|(#90 obj#)|(#90 obj\.#),%#%,(90 obj)|(90 obj)|(#90 obj#)|(#90 obj\.#),test3
58,57,57,57,NA,#90 obj#,2,1,%,0,OB,zero,object,%0OB: zero object,17,(90 obj)|(90 obj)|(#90 obj#)|(#90 obj\.#),%#%,(90 obj)|(90 obj)|(#90 obj#)|(#90 obj\.#),test3
59,58,58,58,NA,#90 obj.#,2,1,%,0,OB,zero,object,%0OB: zero object,17,(90 obj)|(90 obj)|(#90 obj#)|(#90 obj\.#),%#%,(90 obj)|(90 obj)|(#90 obj#)|(#90 obj\.#),test3
60,59,59,59,59,9ck tape,3,9,%,C,OM,cmnt,check tape,%COM: cmnt check tape,18,(9ck tape)|(#check tape#),%#%,(9ck tape)|(#check tape#),test3
61,60,60,60,NA,#check tape#,3,1,%,C,OM,cmnt,check tape,%COM: cmnt check tape,18,(9ck tape)|(#check tape#),%#%,(9ck tape)|(#check tape#),test3
62,61,61,61,60,9besondere Form,3,9,%,C,OM,cmnt,form,%COM: cmnt form,19,(9besondere Form),%#%,(9besondere Form),test3
63,62,62,62,NA,#Gestik#,3,1,%,C,OM,cmnt,gesture,%COM: cmnt gesture,20,(#Gestik#),%#%,(#Gestik#),test3
64,63,63,63,NA,#innere Monolog#,3,1,%,C,OM,cmnt,inner monologue,%COM: cmnt inner monologue,21,(#innere Monolog#),%#%,(#innere Monolog#),test3
65,64,64,64,NA,#unverstaendlich#,3,1,%,C,OM,cmnt,unintelligible,%COM: cmnt unintelligible,22,(#unverstaendlich#)|(unverstaendlich),%#%,(#unverstaendlich#)|(unverstaendlich),test3
66,65,65,65,NA,unverstaendlich,3,1,%,C,OM,cmnt,unintelligible,%COM: cmnt unintelligible,22,(#unverstaendlich#)|(unverstaendlich),%#%,(#unverstaendlich#)|(unverstaendlich),test3
67,66,66,66,NA,#lachen#,3,1,%,C,OM,cmnt,laughter,%COM: cmnt laughter,23,(#lachen#)|(#Lachen#),%#%,(#lachen#)|(#Lachen#),test3
68,67,67,67,NA,#Lachen#,3,1,%,C,OM,cmnt,laughter,%COM: cmnt laughter,23,(#lachen#)|(#Lachen#),%#%,(#lachen#)|(#Lachen#),test3
69,68,68,68,NA,#9misunderstand#,3,1,%,C,OM,cmnt,misunderstanding,%COM: cmnt misunderstanding,24,(#9misunderstand#)|(#9misunderstands#)|(#minunderstands .wann.\?#)|(#misunderstands .welchen.#),%#%,(#9misunderstand#)|(#9misunderstands#)|(#minunderstands .wann.\?#)|(#misunderstands .welchen.#),test3
70,69,69,69,NA,#9misunderstands#,3,1,%,C,OM,cmnt,misunderstanding,%COM: cmnt misunderstanding,24,(#9misunderstand#)|(#9misunderstands#)|(#minunderstands .wann.\?#)|(#misunderstands .welchen.#),%#%,(#9misunderstand#)|(#9misunderstands#)|(#minunderstands .wann.\?#)|(#misunderstands .welchen.#),test3
71,70,70,70,NA,"#minunderstands ""wann""?#",3,1,%,C,OM,cmnt,misunderstanding 'wann',%COM: cmnt misunderstanding,24,(#9misunderstand#)|(#9misunderstands#)|(#minunderstands .wann.\?#)|(#misunderstands .welchen.#),%#%,(#9misunderstand#)|(#9misunderstands#)|(#minunderstands .wann.\?#)|(#misunderstands .welchen.#),test3
72,71,71,71,NA,"#misunderstands ""welchen""#",3,1,%,C,OM,cmnt,misunderstanding 'welchen',%COM: cmnt misunderstanding,24,(#9misunderstand#)|(#9misunderstands#)|(#minunderstands .wann.\?#)|(#misunderstands .welchen.#),%#%,(#9misunderstand#)|(#9misunderstands#)|(#minunderstands .wann.\?#)|(#misunderstands .welchen.#),test3
73,72,72,72,NA,#Pause#,4,2,%,P,AU,pause,NA,%PAU: pause,25,(#Pause#)|(…@), ((...)) ,(#Pause#)|(…@),test3
74,73,73,73,NA,…@,4,1,%,P,AU,pause,NA,%PAU: pause,25,(#Pause#)|(…@), ((...)) ,(#Pause#)|(…@),test3
75,73,73,73,NA,...@,4,1,%,P,AU,pause,NA,%PAU: pause,25,(#Pause#)|(...@), ((...)) ,(#Pause#)|(…@),test3
76,73,73,73,NA,#(P)#,4,1,%,P,AU,pause,NA,%PAU: pause,25,(#Pause#)|(...@), ((...)) ,(#Pause#)|(…@),test3
77,74,74,74,NA,#? #,3,1,%,C,OM,cmnt,Q,%COM: cmnt Q,26,(#\? #)|(# ---#)|(---#)|(#grrrrrr#)|(#9…#)|(#\.\.\.#)|(#9\.\.#),%#%,(#\? #)|(# ---#)|(---#)|(#grrrrrr#)|(#9…#)|(#\.\.\.#)|(#9\.\.#),test3
78,75,75,75,NA,# ---#,3,1,%,C,OM,cmnt,Q,%COM: cmnt Q,26,(#\? #)|(# ---#)|(---#)|(#grrrrrr#)|(#9…#)|(#\.\.\.#)|(#9\.\.#),%#%,(#\? #)|(# ---#)|(---#)|(#grrrrrr#)|(#9…#)|(#\.\.\.#)|(#9\.\.#),test3
79,76,76,76,NA,---#,3,1,%,C,OM,cmnt,Q,%COM: cmnt Q,26,(#\? #)|(# ---#)|(---#)|(#grrrrrr#)|(#9…#)|(#\.\.\.#)|(#9\.\.#),%#%,(#\? #)|(# ---#)|(---#)|(#grrrrrr#)|(#9…#)|(#\.\.\.#)|(#9\.\.#),test3
80,77,77,77,NA,#grrrrrr#,3,1,%,C,OM,cmnt,Q,%COM: cmnt Q,26,(#\? #)|(# ---#)|(---#)|(#grrrrrr#)|(#9…#)|(#\.\.\.#)|(#9\.\.#),%#%,(#\? #)|(# ---#)|(---#)|(#grrrrrr#)|(#9…#)|(#\.\.\.#)|(#9\.\.#),test3
81,78,78,78,NA,#9…#,3,1,%,C,OM,cmnt,Q,%COM: cmnt Q,26,(#\? #)|(# ---#)|(---#)|(#grrrrrr#)|(#9…#)|(#\.\.\.#)|(#9\.\.#),%#%,(#\? #)|(# ---#)|(---#)|(#grrrrrr#)|(#9…#)|(#\.\.\.#)|(#9\.\.#),test3
82,79,79,79,NA,#...#,3,1,%,C,OM,cmnt,Q,%COM: cmnt Q,26,(#\? #)|(# ---#)|(---#)|(#grrrrrr#)|(#9…#)|(#\.\.\.#)|(#9\.\.#),%#%,(#\? #)|(# ---#)|(---#)|(#grrrrrr#)|(#9…#)|(#\.\.\.#)|(#9\.\.#),test3
83,80,80,80,NA,#9..#,3,1,%,C,OM,cmnt,Q,%COM: cmnt Q,26,(#\? #)|(# ---#)|(---#)|(#grrrrrr#)|(#9…#)|(#\.\.\.#)|(#9\.\.#),%#%,(#\? #)|(# ---#)|(---#)|(#grrrrrr#)|(#9…#)|(#\.\.\.#)|(#9\.\.#),test3
84,81,81,81,63,9direct quote?@.,3,9,%,C,OM,cmnt,quote,%COM: cmnt quote,27,(9direct quote\?@\.),%#%,(9direct quote\?@\.),test3
85,82,82,82,NA,# unclear script#,3,1,%,C,OM,cmnt,script unclear,%COM: cmnt script unclear,28,(# unclear script#)|(#script unclear#),%#%,(# unclear script#)|(#script unclear#),test3
86,82,82,82,NA,#unclear script#,3,1,%,C,OM,cmnt,script unclear,%COM: cmnt script unclear,28,(# unclear script#)|(#script unclear#),%#%,(# unclear script#)|(#script unclear#),test3
87,82,82,82,NA,unclear script,3,1,%,C,OM,cmnt,script unclear,%COM: cmnt script unclear,28,(# unclear script#)|(#script unclear#),%#%,(# unclear script#)|(#script unclear#),test3
88,83,83,83,NA,#script unclear#,3,1,%,C,OM,cmnt,script unclear,%COM: cmnt script unclear,28,(# unclear script#)|(#script unclear#),%#%,(# unclear script#)|(#script unclear#),test3
89,84,84,84,NA,#self-correction#,3,1,%,C,OM,cmnt,self-correction,%COM: cmnt self-correction,29,(#self-correction#),%#%,(#self-correction#),test3
90,85,85,85,NA,#Kopfschuetteln#,3,1,%,C,OM,cmnt,shakes head,%COM: cmnt shakes head,30,(#Kopfschuetteln#),%#%,(#Kopfschuetteln#),test3
91,86,86,86,NA,#zeigt auf Besen#,3,1,%,C,OM,cmnt,showing,%COM: cmnt showing,31,(#zeigt auf Besen#)|(#zeigt auf ihre Locken#)|(# zeigt #),%#%,(#zeigt auf Besen#)|(#zeigt auf ihre Locken#)|(# zeigt #),test3
92,87,87,87,NA,#zeigt auf ihre Locken#,3,1,%,C,OM,cmnt,showing,%COM: cmnt showing,31,(#zeigt auf Besen#)|(#zeigt auf ihre Locken#)|(# zeigt #),%#%,(#zeigt auf Besen#)|(#zeigt auf ihre Locken#)|(# zeigt #),test3
93,88,88,88,NA,# zeigt #,3,1,%,C,OM,cmnt,showing,%COM: cmnt showing,31,(#zeigt auf Besen#)|(#zeigt auf ihre Locken#)|(# zeigt #),%#%,(#zeigt auf Besen#)|(#zeigt auf ihre Locken#)|(# zeigt #),test3
94,89,89,89,NA,# zeigt auf das Richtige#,3,1,%,C,OM,cmnt,showing correct,%COM: cmnt showing correct,32,(# zeigt auf das Richtige#),%#%,(# zeigt auf das Richtige#),test3
95,90,90,90,NA,#unklar#,3,1,%,C,OM,cmnt,unclear,%COM: cmnt unclear,33,(#unklar#),%#%,(#unklar#),test3
96,91,91,91,NA,#unclear script#,3,1,%,C,OM,cmnt,unclear script,%COM: cmnt unclear script,34,(#unclear script#),%#%,(#unclear script#),test3
97,92,92,92,104,9no pl/num.,2,9,%,0,PN,zero,plural/numeral,%0PN: zero plural/numeral,35,(9no pl/num\.)|(#9no pl/num#),%#%,(9no pl/num\.)|(#9no pl/num#),test3
98,93,93,93,NA,#9no pl/num#,2,1,%,0,PN,zero,plural/numeral,%0PN: zero plural/numeral,35,(9no pl/num\.)|(#9no pl/num#),%#%,(9no pl/num\.)|(#9no pl/num#),test3
99,94,94,94,NA,#9nst pro#,1,1,%,N,PO,nonstandard,pronoun,%NPO: nonstandard pronoun,36,(#9nst pro#),%#%,(#9nst pro#),test3
100,95,95,95,NA,90 prep#,2,9,%,0,PR,zero,preposition,%0PR: zero preposition,37,(90 prep#)|(90 prep)|(#90 prep#)|(#90 prep #)|(#90 prep\.#),%#%,(90 prep#)|(90 prep)|(#90 prep#)|(#90 prep #)|(#90 prep\.#),test3
101,96,96,96,107,90 prep,2,9,%,0,PR,zero,preposition,%0PR: zero preposition,37,(90 prep#)|(90 prep)|(#90 prep#)|(#90 prep #)|(#90 prep\.#),%#%,(90 prep#)|(90 prep)|(#90 prep#)|(#90 prep #)|(#90 prep\.#),test3
102,96,96,96,107,#90 prep,2,9,%,0,PR,zero,preposition,%0PR: zero preposition,37,(90 prep#)|(90 prep)|(#90 prep#)|(#90 prep #)|(#90 prep\.#),%#%,(90 prep#)|(90 prep)|(#90 prep#)|(#90 prep #)|(#90 prep\.#),test3
103,97,97,97,NA,#90 prep#,2,1,%,0,PR,zero,preposition,%0PR: zero preposition,37,(90 prep#)|(90 prep)|(#90 prep#)|(#90 prep #)|(#90 prep\.#),%#%,(90 prep#)|(90 prep)|(#90 prep#)|(#90 prep #)|(#90 prep\.#),test3
104,98,98,98,NA,#90 prep #,2,1,%,0,PR,zero,preposition,%0PR: zero preposition,37,(90 prep#)|(90 prep)|(#90 prep#)|(#90 prep #)|(#90 prep\.#),%#%,(90 prep#)|(90 prep)|(#90 prep#)|(#90 prep #)|(#90 prep\.#),test3
105,99,99,99,NA,#90 prep.#,2,1,%,0,PR,zero,preposition,%0PR: zero preposition,37,(90 prep#)|(90 prep)|(#90 prep#)|(#90 prep #)|(#90 prep\.#),%#%,(90 prep#)|(90 prep)|(#90 prep#)|(#90 prep #)|(#90 prep\.#),test3
106,99,99,99,NA,#90 prep#?,2,1,%,0,PR,zero,preposition,%0PR: zero preposition,37,(90 prep#)|(90 prep)|(#90 prep#)|(#90 prep #)|(#90 prep\.#),%#%,(90 prep#)|(90 prep)|(#90 prep#)|(#90 prep #)|(#90 prep\.#),test3
107,100,100,100,NA,#9nst pers#,1,1,%,N,PE,nonstandard,person,%NPE: nonstandard person,38,(#9nst pers#),%#%,(#9nst pers#),test3
108,101,101,101,7,# 9nst prep#,1,9,%,N,PR,nonstandard,preposition,%NPR: nonstandard preposition,39,(# 9nst prep#)|(# 9nst prep#)|(9nst prep)|(9nst prep)|(9nst prep)|(9nst prep\?@\.)|(9nst prep\.)|(9nst prep)|(#9nst prep#)|(#9nst prep\.#)|(#9nst prep #)|(# 9nst prep#),%#%,(# 9nst prep#)|(# 9nst prep#)|(9nst prep)|(9nst prep)|(9nst prep)|(9nst prep\?@\.)|(9nst prep\.)|(9nst prep)|(#9nst prep#)|(#9nst prep\.#)|(#9nst prep #)|(# 9nst prep#),test3
109,102,102,102,18,# 9nst prep#,1,9,%,N,PR,nonstandard,preposition,%NPR: nonstandard preposition,39,(# 9nst prep#)|(# 9nst prep#)|(9nst prep)|(9nst prep)|(9nst prep)|(9nst prep\?@\.)|(9nst prep\.)|(9nst prep)|(#9nst prep#)|(#9nst prep\.#)|(#9nst prep #)|(# 9nst prep#),%#%,(# 9nst prep#)|(# 9nst prep#)|(9nst prep)|(9nst prep)|(9nst prep)|(9nst prep\?@\.)|(9nst prep\.)|(9nst prep)|(#9nst prep#)|(#9nst prep\.#)|(#9nst prep #)|(# 9nst prep#),test3
110,103,103,103,36,9nst prep,1,9,%,N,PR,nonstandard,preposition,%NPR: nonstandard preposition,39,(# 9nst prep#)|(# 9nst prep#)|(9nst prep)|(9nst prep)|(9nst prep)|(9nst prep\?@\.)|(9nst prep\.)|(9nst prep)|(#9nst prep#)|(#9nst prep\.#)|(#9nst prep #)|(# 9nst prep#),%#%,(# 9nst prep#)|(# 9nst prep#)|(9nst prep)|(9nst prep)|(9nst prep)|(9nst prep\?@\.)|(9nst prep\.)|(9nst prep)|(#9nst prep#)|(#9nst prep\.#)|(#9nst prep #)|(# 9nst prep#),test3
111,104,104,104,37,9nst prep,1,9,%,N,PR,nonstandard,preposition,%NPR: nonstandard preposition,39,(# 9nst prep#)|(# 9nst prep#)|(9nst prep)|(9nst prep)|(9nst prep)|(9nst prep\?@\.)|(9nst prep\.)|(9nst prep)|(#9nst prep#)|(#9nst prep\.#)|(#9nst prep #)|(# 9nst prep#),%#%,(# 9nst prep#)|(# 9nst prep#)|(9nst prep)|(9nst prep)|(9nst prep)|(9nst prep\?@\.)|(9nst prep\.)|(9nst prep)|(#9nst prep#)|(#9nst prep\.#)|(#9nst prep #)|(# 9nst prep#),test3
112,105,105,105,43,9nst prep,1,9,%,N,PR,nonstandard,preposition,%NPR: nonstandard preposition,39,(# 9nst prep#)|(# 9nst prep#)|(9nst prep)|(9nst prep)|(9nst prep)|(9nst prep\?@\.)|(9nst prep\.)|(9nst prep)|(#9nst prep#)|(#9nst prep\.#)|(#9nst prep #)|(# 9nst prep#),%#%,(# 9nst prep#)|(# 9nst prep#)|(9nst prep)|(9nst prep)|(9nst prep)|(9nst prep\?@\.)|(9nst prep\.)|(9nst prep)|(#9nst prep#)|(#9nst prep\.#)|(#9nst prep #)|(# 9nst prep#),test3
113,106,106,106,105,9nst prep?@.,1,9,%,N,PR,nonstandard,preposition,%NPR: nonstandard preposition,39,(# 9nst prep#)|(# 9nst prep#)|(9nst prep)|(9nst prep)|(9nst prep)|(9nst prep\?@\.)|(9nst prep\.)|(9nst prep)|(#9nst prep#)|(#9nst prep\.#)|(#9nst prep #)|(# 9nst prep#),%#%,(# 9nst prep#)|(# 9nst prep#)|(9nst prep)|(9nst prep)|(9nst prep)|(9nst prep\?@\.)|(9nst prep\.)|(9nst prep)|(#9nst prep#)|(#9nst prep\.#)|(#9nst prep #)|(# 9nst prep#),test3
114,107,107,107,106,9nst prep.,1,9,%,N,PR,nonstandard,preposition,%NPR: nonstandard preposition,39,(# 9nst prep#)|(# 9nst prep#)|(9nst prep)|(9nst prep)|(9nst prep)|(9nst prep\?@\.)|(9nst prep\.)|(9nst prep)|(#9nst prep#)|(#9nst prep\.#)|(#9nst prep #)|(# 9nst prep#),%#%,(# 9nst prep#)|(# 9nst prep#)|(9nst prep)|(9nst prep)|(9nst prep)|(9nst prep\?@\.)|(9nst prep\.)|(9nst prep)|(#9nst prep#)|(#9nst prep\.#)|(#9nst prep #)|(# 9nst prep#),test3
115,108,108,108,151,9nst prep,1,9,%,N,PR,nonstandard,preposition,%NPR: nonstandard preposition,39,(# 9nst prep#)|(# 9nst prep#)|(9nst prep)|(9nst prep)|(9nst prep)|(9nst prep\?@\.)|(9nst prep\.)|(9nst prep)|(#9nst prep#)|(#9nst prep\.#)|(#9nst prep #)|(# 9nst prep#),%#%,(# 9nst prep#)|(# 9nst prep#)|(9nst prep)|(9nst prep)|(9nst prep)|(9nst prep\?@\.)|(9nst prep\.)|(9nst prep)|(#9nst prep#)|(#9nst prep\.#)|(#9nst prep #)|(# 9nst prep#),test3
116,109,109,109,NA,#9nst prep#,1,1,%,N,PR,nonstandard,preposition,%NPR: nonstandard preposition,39,(# 9nst prep#)|(# 9nst prep#)|(9nst prep)|(9nst prep)|(9nst prep)|(9nst prep\?@\.)|(9nst prep\.)|(9nst prep)|(#9nst prep#)|(#9nst prep\.#)|(#9nst prep #)|(# 9nst prep#),%#%,(# 9nst prep#)|(# 9nst prep#)|(9nst prep)|(9nst prep)|(9nst prep)|(9nst prep\?@\.)|(9nst prep\.)|(9nst prep)|(#9nst prep#)|(#9nst prep\.#)|(#9nst prep #)|(# 9nst prep#),test3
117,110,110,110,NA,#9nst prep.#,1,1,%,N,PR,nonstandard,preposition,%NPR: nonstandard preposition,39,(# 9nst prep#)|(# 9nst prep#)|(9nst prep)|(9nst prep)|(9nst prep)|(9nst prep\?@\.)|(9nst prep\.)|(9nst prep)|(#9nst prep#)|(#9nst prep\.#)|(#9nst prep #)|(# 9nst prep#),%#%,(# 9nst prep#)|(# 9nst prep#)|(9nst prep)|(9nst prep)|(9nst prep)|(9nst prep\?@\.)|(9nst prep\.)|(9nst prep)|(#9nst prep#)|(#9nst prep\.#)|(#9nst prep #)|(# 9nst prep#),test3
118,111,111,111,NA,#9nst prep #,1,1,%,N,PR,nonstandard,preposition,%NPR: nonstandard preposition,39,(# 9nst prep#)|(# 9nst prep#)|(9nst prep)|(9nst prep)|(9nst prep)|(9nst prep\?@\.)|(9nst prep\.)|(9nst prep)|(#9nst prep#)|(#9nst prep\.#)|(#9nst prep #)|(# 9nst prep#),%#%,(# 9nst prep#)|(# 9nst prep#)|(9nst prep)|(9nst prep)|(9nst prep)|(9nst prep\?@\.)|(9nst prep\.)|(9nst prep)|(#9nst prep#)|(#9nst prep\.#)|(#9nst prep #)|(# 9nst prep#),test3
119,112,112,112,NA,# 9nst prep#,1,1,%,N,PR,nonstandard,preposition,%NPR: nonstandard preposition,39,(# 9nst prep#)|(# 9nst prep#)|(9nst prep)|(9nst prep)|(9nst prep)|(9nst prep\?@\.)|(9nst prep\.)|(9nst prep)|(#9nst prep#)|(#9nst prep\.#)|(#9nst prep #)|(# 9nst prep#),%#%,(# 9nst prep#)|(# 9nst prep#)|(9nst prep)|(9nst prep)|(9nst prep)|(9nst prep\?@\.)|(9nst prep\.)|(9nst prep)|(#9nst prep#)|(#9nst prep\.#)|(#9nst prep #)|(# 9nst prep#),test3
120,113,113,113,NA,#9nst passive#,1,1,%,N,PS,nonstandard,passive,%NPS: nonstandard passive,40,(#9nst passive#)|(#9nst passive\?#),%#%,(#9nst passive#)|(#9nst passive\?#),test3
121,114,114,114,NA,#9nst passive?#,1,1,%,N,PS,nonstandard,passive,%NPS: nonstandard passive,40,(#9nst passive#)|(#9nst passive\?#),%#%,(#9nst passive#)|(#9nst passive\?#),test3
122,115,115,115,61,9nst poss.,1,9,%,N,PV,nonstandard,possessive,%NPV: nonstandard possessive,41,(9nst poss\.)|(9nst poss)|(#9 nst poss#)|(#9nst poss#),%#%,(9nst poss\.)|(9nst poss)|(#9 nst poss#)|(#9nst poss#),test3
123,116,116,116,66,9nst poss,1,9,%,N,PV,nonstandard,possessive,%NPV: nonstandard possessive,41,(9nst poss\.)|(9nst poss)|(#9 nst poss#)|(#9nst poss#),%#%,(9nst poss\.)|(9nst poss)|(#9 nst poss#)|(#9nst poss#),test3
124,117,117,117,NA,#9 nst poss#,1,1,%,N,PV,nonstandard,possessive,%NPV: nonstandard possessive,41,(9nst poss\.)|(9nst poss)|(#9 nst poss#)|(#9nst poss#),%#%,(9nst poss\.)|(9nst poss)|(#9 nst poss#)|(#9nst poss#),test3
125,118,118,118,NA,#9nst poss#,1,1,%,N,PV,nonstandard,possessive,%NPV: nonstandard possessive,41,(9nst poss\.)|(9nst poss)|(#9 nst poss#)|(#9nst poss#),%#%,(9nst poss\.)|(9nst poss)|(#9 nst poss#)|(#9nst poss#),test3
126,119,119,119,152,90 refl?@,2,9,%,0,RF,zero,reflexive,%0RF: zero reflexive,42,(90 refl\?@)|(#90 refl#),%#%,(90 refl\?@)|(#90 refl#),test3
127,120,120,120,NA,#90 refl#,2,1,%,0,RF,zero,reflexive,%0RF: zero reflexive,42,(90 refl\?@)|(#90 refl#),%#%,(90 refl\?@)|(#90 refl#),test3
128,121,121,121,NA,#90 rel#,2,1,%,0,RL,zero,relative,%0RL: zero relative,43,(#90 rel#),%#%,(#90 rel#),test3
129,122,122,122,10,9rel,1,9,%,N,RL,nonstandard,relative,%NRL: nonstandard relative,44,(9rel)|(9rel)|(9nst rel)|(#9rel)|(#9rel#)|(#9nst rel#)|(#9nst rel\?#)|(#9rel\?#),%#%,(9rel)|(9rel)|(9nst rel)|(#9rel)|(#9rel#)|(#9nst rel#)|(#9nst rel\?#)|(#9rel\?#),test3
130,123,123,123,34,9rel,1,9,%,N,RL,nonstandard,relative,%NRL: nonstandard relative,44,(9rel)|(9rel)|(9nst rel)|(#9rel)|(#9rel#)|(#9nst rel#)|(#9nst rel\?#)|(#9rel\?#),%#%,(9rel)|(9rel)|(9nst rel)|(#9rel)|(#9rel#)|(#9nst rel#)|(#9nst rel\?#)|(#9rel\?#),test3
131,124,124,124,114,9nst rel,1,9,%,N,RL,nonstandard,relative,%NRL: nonstandard relative,44,(9rel)|(9rel)|(9nst rel)|(#9rel)|(#9rel#)|(#9nst rel#)|(#9nst rel\?#)|(#9rel\?#),%#%,(9rel)|(9rel)|(9nst rel)|(#9rel)|(#9rel#)|(#9nst rel#)|(#9nst rel\?#)|(#9rel\?#),test3
132,125,125,125,NA,#9rel,1,1,%,N,RL,nonstandard,relative,%NRL: nonstandard relative,44,(9rel)|(9rel)|(9nst rel)|(#9rel)|(#9rel#)|(#9nst rel#)|(#9nst rel\?#)|(#9rel\?#),%#%,(9rel)|(9rel)|(9nst rel)|(#9rel)|(#9rel#)|(#9nst rel#)|(#9nst rel\?#)|(#9rel\?#),test3
133,126,126,126,NA,#9rel#,1,1,%,N,RL,nonstandard,relative,%NRL: nonstandard relative,44,(9rel)|(9rel)|(9nst rel)|(#9rel)|(#9rel#)|(#9nst rel#)|(#9nst rel\?#)|(#9rel\?#),%#%,(9rel)|(9rel)|(9nst rel)|(#9rel)|(#9rel#)|(#9nst rel#)|(#9nst rel\?#)|(#9rel\?#),test3
134,127,127,127,NA,#9nst rel#,1,1,%,N,RL,nonstandard,relative,%NRL: nonstandard relative,44,(9rel)|(9rel)|(9nst rel)|(#9rel)|(#9rel#)|(#9nst rel#)|(#9nst rel\?#)|(#9rel\?#),%#%,(9rel)|(9rel)|(9nst rel)|(#9rel)|(#9rel#)|(#9nst rel#)|(#9nst rel\?#)|(#9rel\?#),test3
135,128,128,128,NA,#9nst rel?#,1,1,%,N,RL,nonstandard,relative,%NRL: nonstandard relative,44,(9rel)|(9rel)|(9nst rel)|(#9rel)|(#9rel#)|(#9nst rel#)|(#9nst rel\?#)|(#9rel\?#),%#%,(9rel)|(9rel)|(9nst rel)|(#9rel)|(#9rel#)|(#9nst rel#)|(#9nst rel\?#)|(#9rel\?#),test3
136,129,129,129,NA,#9rel?#,1,1,%,N,RL,nonstandard,relative,%NRL: nonstandard relative,44,(9rel)|(9rel)|(9nst rel)|(#9rel)|(#9rel#)|(#9nst rel#)|(#9nst rel\?#)|(#9rel\?#),%#%,(9rel)|(9rel)|(9nst rel)|(#9rel)|(#9rel#)|(#9nst rel#)|(#9nst rel\?#)|(#9rel\?#),test3
137,130,130,130,125,9semantics,1,9,%,N,SM,nonstandard,semantics,%NSM: nonstandard semantics,45,(9semantics)|(#9semantics)|(#9semantics#)|(#9semantics of viel#)|(#9semantics\.#),%#%,(9semantics)|(#9semantics)|(#9semantics#)|(#9semantics of viel#)|(#9semantics\.#),test3
138,131,131,131,NA,#9semantics,1,1,%,N,SM,nonstandard,semantics,%NSM: nonstandard semantics,45,(9semantics)|(#9semantics)|(#9semantics#)|(#9semantics of viel#)|(#9semantics\.#),%#%,(9semantics)|(#9semantics)|(#9semantics#)|(#9semantics of viel#)|(#9semantics\.#),test3
139,132,132,132,NA,#9semantics#,1,1,%,N,SM,nonstandard,semantics,%NSM: nonstandard semantics,45,(9semantics)|(#9semantics)|(#9semantics#)|(#9semantics of viel#)|(#9semantics\.#),%#%,(9semantics)|(#9semantics)|(#9semantics#)|(#9semantics of viel#)|(#9semantics\.#),test3
140,133,133,133,NA,#9semantics of viel#,1,1,%,N,SM,nonstandard,semantics,%NSM: nonstandard semantics,45,(9semantics)|(#9semantics)|(#9semantics#)|(#9semantics of viel#)|(#9semantics\.#),%#%,(9semantics)|(#9semantics)|(#9semantics#)|(#9semantics of viel#)|(#9semantics\.#),test3
141,134,134,134,NA,#9semantics.#,1,1,%,N,SM,nonstandard,semantics,%NSM: nonstandard semantics,45,(9semantics)|(#9semantics)|(#9semantics#)|(#9semantics of viel#)|(#9semantics\.#),%#%,(9semantics)|(#9semantics)|(#9semantics#)|(#9semantics of viel#)|(#9semantics\.#),test3
142,135,135,135,56,90 subj.,2,9,%,0,SU,zero,subject,%0SU: zero subject,46,(90 subj\.)|(9ck 0 subj\.)|(90 subj)|(90 subj)|(90 subj)|(#90 subj#)|(#90 subj)|(#90 sub#)|(#9 0 subj#)|(#90 subj\?#),%#%,(90 subj\.)|(9ck 0 subj\.)|(90 subj)|(90 subj)|(90 subj)|(#90 subj#)|(#90 subj)|(#90 sub#)|(#9 0 subj#)|(#90 subj\?#),test3
143,136,136,136,64,9ck 0 subj.,2,9,%,0,SU,zero,subject,%0SU: zero subject,46,(90 subj\.)|(9ck 0 subj\.)|(90 subj)|(90 subj)|(90 subj)|(#90 subj#)|(#90 subj)|(#90 sub#)|(#9 0 subj#)|(#90 subj\?#),%#%,(90 subj\.)|(9ck 0 subj\.)|(90 subj)|(90 subj)|(90 subj)|(#90 subj#)|(#90 subj)|(#90 sub#)|(#9 0 subj#)|(#90 subj\?#),test3
144,137,137,137,84,90 subj,2,9,%,0,SU,zero,subject,%0SU: zero subject,46,(90 subj\.)|(9ck 0 subj\.)|(90 subj)|(90 subj)|(90 subj)|(#90 subj#)|(#90 subj)|(#90 sub#)|(#9 0 subj#)|(#90 subj\?#),%#%,(90 subj\.)|(9ck 0 subj\.)|(90 subj)|(90 subj)|(90 subj)|(#90 subj#)|(#90 subj)|(#90 sub#)|(#9 0 subj#)|(#90 subj\?#),test3
145,138,138,138,129,90 subj,2,9,%,0,SU,zero,subject,%0SU: zero subject,46,(90 subj\.)|(9ck 0 subj\.)|(90 subj)|(90 subj)|(90 subj)|(#90 subj#)|(#90 subj)|(#90 sub#)|(#9 0 subj#)|(#90 subj\?#),%#%,(90 subj\.)|(9ck 0 subj\.)|(90 subj)|(90 subj)|(90 subj)|(#90 subj#)|(#90 subj)|(#90 sub#)|(#9 0 subj#)|(#90 subj\?#),test3
146,139,139,139,138,90 subj,2,9,%,0,SU,zero,subject,%0SU: zero subject,46,(90 subj\.)|(9ck 0 subj\.)|(90 subj)|(90 subj)|(90 subj)|(#90 subj#)|(#90 subj)|(#90 sub#)|(#9 0 subj#)|(#90 subj\?#),%#%,(90 subj\.)|(9ck 0 subj\.)|(90 subj)|(90 subj)|(90 subj)|(#90 subj#)|(#90 subj)|(#90 sub#)|(#9 0 subj#)|(#90 subj\?#),test3
147,140,140,140,NA,#90 subj#,2,1,%,0,SU,zero,subject,%0SU: zero subject,46,(90 subj\.)|(9ck 0 subj\.)|(90 subj)|(90 subj)|(90 subj)|(#90 subj#)|(#90 subj)|(#90 sub#)|(#9 0 subj#)|(#90 subj\?#),%#%,(90 subj\.)|(9ck 0 subj\.)|(90 subj)|(90 subj)|(90 subj)|(#90 subj#)|(#90 subj)|(#90 sub#)|(#9 0 subj#)|(#90 subj\?#),test3
148,141,141,141,NA,#90 subj,2,1,%,0,SU,zero,subject,%0SU: zero subject,46,(90 subj\.)|(9ck 0 subj\.)|(90 subj)|(90 subj)|(90 subj)|(#90 subj#)|(#90 subj)|(#90 sub#)|(#9 0 subj#)|(#90 subj\?#),%#%,(90 subj\.)|(9ck 0 subj\.)|(90 subj)|(90 subj)|(90 subj)|(#90 subj#)|(#90 subj)|(#90 sub#)|(#9 0 subj#)|(#90 subj\?#),test3
149,142,142,142,NA,#90 sub#,2,1,%,0,SU,zero,subject,%0SU: zero subject,46,(90 subj\.)|(9ck 0 subj\.)|(90 subj)|(90 subj)|(90 subj)|(#90 subj#)|(#90 subj)|(#90 sub#)|(#9 0 subj#)|(#90 subj\?#),%#%,(90 subj\.)|(9ck 0 subj\.)|(90 subj)|(90 subj)|(90 subj)|(#90 subj#)|(#90 subj)|(#90 sub#)|(#9 0 subj#)|(#90 subj\?#),test3
150,143,143,143,NA,#9 0 subj#,2,1,%,0,SU,zero,subject,%0SU: zero subject,46,(90 subj\.)|(9ck 0 subj\.)|(90 subj)|(90 subj)|(90 subj)|(#90 subj#)|(#90 subj)|(#90 sub#)|(#9 0 subj#)|(#90 subj\?#),%#%,(90 subj\.)|(9ck 0 subj\.)|(90 subj)|(90 subj)|(90 subj)|(#90 subj#)|(#90 subj)|(#90 sub#)|(#9 0 subj#)|(#90 subj\?#),test3
151,144,144,144,NA,#90 subj.#,2,1,%,0,SU,zero,subject,%0SU: zero subject,46,(90 subj\.)|(9ck 0 subj\.)|(90 subj)|(90 subj)|(90 subj)|(#90 subj#)|(#90 subj)|(#90 sub#)|(#9 0 subj#)|(#90 subj\?#),%#%,(90 subj\.)|(9ck 0 subj\.)|(90 subj)|(90 subj)|(90 subj)|(#90 subj#)|(#90 subj)|(#90 sub#)|(#9 0 subj#)|(#90 subj\?#),test3
152,145,145,145,73,90 verb,2,9,%,0,VP,zero,VP,%0VP: zero VP,47,(90 verb)|(#90 verb#),%#%,(90 verb)|(#90 verb#),test3
153,146,146,146,NA,#90 verb#,2,1,%,0,VP,zero,VP,%0VP: zero VP,47,(90 verb)|(#90 verb#),%#%,(90 verb)|(#90 verb#),test3
154,147,147,147,NA,#9nst verb#,1,1,%,N,VP,nonstandard,VP,%NVP: nonstandard VP,48,(#9nst verb#),%#%,(#9nst verb#),test3
155,148,148,148,112,9nst w,1,9,%,N,WD,nonstandard,word,%NWD: nonstandard word,49,(9nst w),%#%,(9nst w),test3
156,149,149,149,81,9w o.,1,9,%,N,WO,nonstandard,word order,%NWO: nonstandard word order,50,(9w o\.)|(9w\.o\.)|(9nst w o)|(9nst w o)|(9nst w o)|(#9nst w\.o\.#)|(#9nst w o#)|(#9nst w o\.#)|(#9nst w o\. #),%#%,(9w o\.)|(9w\.o\.)|(9nst w o)|(9nst w o)|(9nst w o)|(#9nst w\.o\.#)|(#9nst w o#)|(#9nst w o\.#)|(#9nst w o\. #),test3
157,150,150,150,115,9w.o.,1,9,%,N,WO,nonstandard,word order,%NWO: nonstandard word order,50,(9w o\.)|(9w\.o\.)|(9nst w o)|(9nst w o)|(9nst w o)|(#9nst w\.o\.#)|(#9nst w o#)|(#9nst w o\.#)|(#9nst w o\. #),%#%,(9w o\.)|(9w\.o\.)|(9nst w o)|(9nst w o)|(9nst w o)|(#9nst w\.o\.#)|(#9nst w o#)|(#9nst w o\.#)|(#9nst w o\. #),test3
158,151,151,151,134,9nst w o,1,9,%,N,WO,nonstandard,word order,%NWO: nonstandard word order,50,(9w o\.)|(9w\.o\.)|(9nst w o)|(9nst w o)|(9nst w o)|(#9nst w\.o\.#)|(#9nst w o#)|(#9nst w o\.#)|(#9nst w o\. #),%#%,(9w o\.)|(9w\.o\.)|(9nst w o)|(9nst w o)|(9nst w o)|(#9nst w\.o\.#)|(#9nst w o#)|(#9nst w o\.#)|(#9nst w o\. #),test3
159,152,152,152,143,9nst w o,1,9,%,N,WO,nonstandard,word order,%NWO: nonstandard word order,50,(9w o\.)|(9w\.o\.)|(9nst w o)|(9nst w o)|(9nst w o)|(#9nst w\.o\.#)|(#9nst w o#)|(#9nst w o\.#)|(#9nst w o\. #),%#%,(9w o\.)|(9w\.o\.)|(9nst w o)|(9nst w o)|(9nst w o)|(#9nst w\.o\.#)|(#9nst w o#)|(#9nst w o\.#)|(#9nst w o\. #),test3
160,153,153,153,153,9nst w o,1,9,%,N,WO,nonstandard,word order,%NWO: nonstandard word order,50,(9w o\.)|(9w\.o\.)|(9nst w o)|(9nst w o)|(9nst w o)|(#9nst w\.o\.#)|(#9nst w o#)|(#9nst w o\.#)|(#9nst w o\. #),%#%,(9w o\.)|(9w\.o\.)|(9nst w o)|(9nst w o)|(9nst w o)|(#9nst w\.o\.#)|(#9nst w o#)|(#9nst w o\.#)|(#9nst w o\. #),test3
161,154,154,154,NA,#9nst w.o.#,1,1,%,N,WO,nonstandard,word order,%NWO: nonstandard word order,50,(9w o\.)|(9w\.o\.)|(9nst w o)|(9nst w o)|(9nst w o)|(#9nst w\.o\.#)|(#9nst w o#)|(#9nst w o\.#)|(#9nst w o\. #),%#%,(9w o\.)|(9w\.o\.)|(9nst w o)|(9nst w o)|(9nst w o)|(#9nst w\.o\.#)|(#9nst w o#)|(#9nst w o\.#)|(#9nst w o\. #),test3
162,155,155,155,NA,#9nst w o#,1,1,%,N,WO,nonstandard,word order,%NWO: nonstandard word order,50,(9w o\.)|(9w\.o\.)|(9nst w o)|(9nst w o)|(9nst w o)|(#9nst w\.o\.#)|(#9nst w o#)|(#9nst w o\.#)|(#9nst w o\. #),%#%,(9w o\.)|(9w\.o\.)|(9nst w o)|(9nst w o)|(9nst w o)|(#9nst w\.o\.#)|(#9nst w o#)|(#9nst w o\.#)|(#9nst w o\. #),test3
163,156,156,156,NA,#9nst w o.#,1,1,%,N,WO,nonstandard,word order,%NWO: nonstandard word order,50,(9w o\.)|(9w\.o\.)|(9nst w o)|(9nst w o)|(9nst w o)|(#9nst w\.o\.#)|(#9nst w o#)|(#9nst w o\.#)|(#9nst w o\. #),%#%,(9w o\.)|(9w\.o\.)|(9nst w o)|(9nst w o)|(9nst w o)|(#9nst w\.o\.#)|(#9nst w o#)|(#9nst w o\.#)|(#9nst w o\. #),test3
164,157,157,157,NA,#9nst w o. #,1,1,%,N,WO,nonstandard,word order,%NWO: nonstandard word order,50,(9w o\.)|(9w\.o\.)|(9nst w o)|(9nst w o)|(9nst w o)|(#9nst w\.o\.#)|(#9nst w o#)|(#9nst w o\.#)|(#9nst w o\. #),%#%,(9w o\.)|(9w\.o\.)|(9nst w o)|(9nst w o)|(9nst w o)|(#9nst w\.o\.#)|(#9nst w o#)|(#9nst w o\.#)|(#9nst w o\. #),test3
165,200,NA,NA,NA,#90 aux?#,2,1,%,0,AU,zero,auxiliary,%0AU: zero auxiliary,NA,NA,%#%,NA,NA
166,201,NA,NA,NA,STATIC(a|b|c|d|e|f),5,NA,NA,NA,NA,NA,NA,NA,NA,STATIC(a|b|c|d|e|f),STATIC-\\1,NA,NA
167,201,NA,NA,head,(but the some of the interviewer’s utterances),6,NA,NA,NA,NA,NA,NA,NA,NA,(but the some of the interviewer’s utterances),but the interviewer’s utterances,NA,NA
168,201,NA,NA,head,(mostly),6,NA,NA,NA,NA,NA,NA,NA,NA,(\\(mostly\\)),roughly,NA,NA
169,201,NA,NA,trans,(family_language-with_parents-with),5,NA,NA,NA,NA,NA,NA,NA,NA,(\\(family_language-with_parents-with\\)),(family_language-with_parents-with_siblings),NA,NA
170,201,NA,NA,head,"., see the Elicitation documentation files.",6,NA,NA,NA,NA,NA,NA,NA,NA,"\\., see the Elicitation documentation files\\.",; see reference @Elicitation files.,NA,NA
171,201,NA,NA,trans,%WORD,5,NA,NA,NA,NA,NA,NA,NA,NA, %([A-Za-z]),\t#%#\\1,NA,NA
172,201,NA,NA,head,TUR/ELL,6,NA,NA,NA,NA,NA,NA,NA,NA,(@ID:.+)(_TUR|_ELL)_,\\1_,NA,NA
173,201,NA,global,head,@.ctivities,6,NA,NA,NA,NA,NA,NA,NA,NA,^@.ctivities.+,"@Activities: background info, directed conversation, personal narratives",NA,NA
174,201,NA,NA,trans,"tab after tier label, speaker",5,NA,NA,NA,NA,NA,NA,NA,NA,([\\*]...:) ,\\1\t,NA,NA
175,201,NA,NA,NA,"tab after tier label, annotation",5,NA,NA,NA,NA,NA,NA,NA,NA,([%]...:) ,\\1\t,NA,NA
176,201,NA,NA,NA,discrete coding in header,7,NA,NA,NA,NA,NA,NA,NA,NA,([\\*])([A-Z]{3})(:?),<\2\3>,NA,NA
177,201,NA,NA,trans,missing space in tier start,5,NA,NA,NA,NA,NA,NA,NA,NA,([\\*])([A-Z]{3}):([^ |\t]),\1\2:\t\3,NA,NA
178,NA,NA,NA,NA,<#0AR#>,2,1,%,0,AR,zero,article,%0AR: zero article,NA,NA,%#%,NA,NA
179,NA,NA,NA,NA,<#NAR#>,1,1,%,N,AR,nonstandard,article,%NAR: nonstandard article,NA,NA,%#%,NA,NA
180,NA,NA,NA,NA,9nst art,1,NA,%,N,AR,nonstandard,article,NA,NA,NA,%#%,NA,NA
181,NA,NA,NA,NA,90  art,1,NA,%,0,AR,zero,article,NA,NA,NA,%#%,NA,NA
182,NA,NA,NA,NA,90 aux,1,NA,%,0,AU,zero,auxiliary,NA,NA,NA,%#%,NA,NA
183,NA,NA,NA,NA,9nst aux,1,NA,%,N,AU,nonstandard,auxiliary,NA,NA,NA,%#%,NA,NA
184,NA,NA,NA,NA,<#NCA#>,1,NA,%,N,CA,nonstandard,case marking,NA,NA,NA,%#%,NA,NA
185,NA,NA,NA,NA,#9nst compar#,1,NA,%,N,CM,nonstandard,comparison,NA,NA,NA,%#%,NA,NA
186,NA,NA,NA,NA,9nst compar,1,NA,%,N,CM,nonstandard,comparison,NA,NA,NA,%#%,NA,NA
187,NA,NA,NA,NA,90 cop,1,NA,%,0,CP,zero,copula,NA,NA,NA,%#%,NA,NA
188,NA,NA,NA,NA,cop is/s,1,NA,%,N,CP,nonstandard,copula,NA,NA,NA,%#%,NA,NA
189,NA,NA,NA,NA,<#REP#>,1,NA,%,R,EP,repair,NA,NA,NA,NA,%#%,NA,NA
190,NA,NA,NA,NA,9nst existential,1,NA,%,N,EX,nonstandard,existential,NA,NA,NA,%#%,NA,NA
191,NA,NA,NA,NA,90 existential,1,NA,%,0,EX,zero,existential,NA,NA,NA,%#%,NA,NA
192,NA,NA,NA,NA,9ns gen,1,NA,%,N,GN,nonstandard,gender,NA,NA,NA,%#%,NA,NA
193,NA,NA,NA,NA,#90 modal?#,1,NA,%,0,MD,zero,modal,NA,NA,NA,%#%,NA,NA
194,NA,NA,NA,NA,90 modal,1,NA,%,0,MD,zero,modal,NA,NA,NA,%#%,NA,NA
195,NA,NA,NA,NA,<#NMO#>,1,1,%,N,MO,nonstandard,morphem,NA,NA,NA,%#%,NA,NA
196,NA,NA,NA,NA,9nst modal,1,NA,%,N,MD,nonstandard,modal,NA,NA,NA,%#%,NA,NA
197,NA,NA,NA,NA,9neg,1,NA,%,N,NN,nonstandard,negation,NA,NA,NA,%#%,NA,NA
198,NA,NA,NA,NA,9wohl/woll,3,NA,%,N,NS,nonstandard,not specified,NA,NA,NA,%#%,NA,NA
199,NA,NA,NA,NA,<#0OB#>,2,1,%,0,OB,zero,object,%0OB: zero object,NA,NA,%#%,NA,NA
200,NA,NA,NA,NA,#com: tape interrupted#,3,NA,%,C,OM,cmnt,tape interrupted,NA,NA,NA,%#%,NA,NA
201,NA,NA,NA,NA,#com: Luecke#,3,NA,%,C,OM,cmnt,gap,NA,NA,NA,%#%,NA,NA
202,NA,NA,NA,NA,com: Luecke,3,NA,%,C,OM,cmnt,gap,NA,NA,NA,%#%,NA,NA
203,NA,NA,NA,NA,#ahmt die Mundform nach#,3,NA,%,C,OM,cmnt,NA,NA,NA,NA,%#%,NA,NA
204,NA,NA,NA,NA,#Bewegung der Hanteln#,3,NA,%,C,OM,cmnt,movement,NA,NA,NA,%#%,NA,NA
205,NA,NA,NA,NA,#die zeigt auf den dicken Mann#,3,NA,%,C,OM,cmnt,showing,NA,NA,NA,%#%,NA,NA
206,NA,NA,NA,NA,#zeigt richtig#,3,NA,%,C,OM,cmnt,showing,NA,NA,NA,%#%,NA,NA
207,NA,NA,NA,NA,#Streicheln#,3,NA,%,C,OM,cmnt,NA,NA,NA,NA,%#%,NA,NA
208,NA,NA,NA,NA,#seufzen#,3,NA,%,C,OM,cmnt,NA,NA,NA,NA,%#%,NA,NA
209,NA,NA,NA,NA,#schuettelt den Kopf#,3,NA,%,C,OM,cmnt,shakes head,NA,NA,NA,%#%,NA,NA
210,NA,NA,NA,NA,9ck Q or S,3,NA,%,C,OM,cmnt,NA,NA,NA,NA,%#%,NA,NA
211,NA,NA,NA,NA,9check tape for speaker,3,NA,%,C,OM,cmnt,chk tape,NA,NA,NA,%#%,NA,NA
212,NA,NA,NA,NA,unklar,3,NA,%,C,OM,cmnt,unclear,NA,NA,NA,%#%,NA,NA
213,NA,NA,NA,NA,unverstaenglich,3,NA,%,C,OM,cmnt,unclear,NA,NA,NA,%#%,NA,NA
214,NA,NA,NA,NA,9doesn't comprehend passive,3,NA,%,C,OM,cmnt,NA,NA,NA,NA,%#%,NA,NA
215,NA,NA,NA,NA,9nst passive,1,NA,%,N,PA,nonstandard,passive,NA,NA,NA,%#%,NA,NA
216,NA,NA,NA,NA,90 predicate,1,NA,%,0,PD,zero,predicate,NA,NA,NA,%#%,NA,NA
217,NA,NA,NA,NA,<#NPE#>,1,1,%,N,PE,nonstandard,person,NA,NA,NA,%#%,NA,NA
218,NA,NA,NA,NA,9nst pers,1,NA,%,N,PE,nonstandard,person,NA,NA,NA,%#%,NA,NA
219,NA,NA,NA,NA,9no pl /num,1,NA,%,0,PN,zero,plural/numeral,NA,NA,NA,%#%,NA,NA
220,NA,NA,NA,NA,<#NPR#>,1,1,%,N,PR,nonstandard,preposition,NA,NA,NA,%#%,NA,NA
221,NA,NA,NA,NA,9poss 0 element,1,NA,%,N,PV,nonstandard,possessive,NA,NA,NA,%#%,NA,NA
222,NA,NA,NA,NA,9poss 0 rel,1,NA,%,N,PV,nonstandard,possessive,NA,NA,NA,%#%,NA,NA
223,NA,NA,NA,NA,9poss 0 cop,1,NA,%,N,PV,nonstandard,possessive,NA,NA,NA,%#%,NA,NA
224,NA,NA,NA,NA,<#NRL#>,1,1,%,N,RL,nonstandard,relative,NA,NA,NA,%#%,NA,NA
225,NA,NA,NA,NA,9rel,1,NA,%,N,RL,nonstandard,relative,NA,NA,NA,%#%,NA,NA
226,NA,NA,NA,NA,9std rel except case,1,NA,%,N,RL,nonstandard,relative,NA,NA,NA,%#%,NA,NA
227,NA,NA,NA,NA,90 refl pro,1,NA,%,0,RP,zero,reflexive pronoun,NA,NA,NA,%#%,NA,NA
228,NA,NA,NA,NA,<#NSM#>,1,1,%,N,SM,nonstandard,semantics,NA,NA,NA,%#%,NA,NA
229,NA,NA,NA,NA,<#NSU#>,1,1,%,N,SU,nonstandard,subject,NA,NA,NA,%#%,NA,NA
230,NA,NA,NA,NA,90  subj,1,NA,%,0,SU,zero,subject,NA,NA,NA,%#%,NA,NA
231,NA,NA,NA,NA,<#NSY#>,1,1,%,N,SY,nonstandard,syntax,NA,NA,NA,%#%,NA,NA
232,NA,NA,NA,NA,9vocab,1,NA,%,N,VC,nonstandard,vocab,NA,NA,NA,%#%,NA,NA
233,NA,NA,NA,NA,<#0VP#>,2,1,%,0,VP,zero,VP,%0VP: zero VP,NA,NA,%#%,NA,NA
234,NA,NA,NA,NA,<#NVP#>,1,1,%,N,VP,nonstandard,VP,NA,NA,NA,%#%,NA,NA
235,NA,NA,NA,NA,9verb,1,NA,%,N,VP,nonstandard,VP,NA,NA,NA,%#%,NA,NA
236,NA,NA,NA,NA,9nst verb form,1,NA,%,N,VP,nonstandard,VP,NA,NA,NA,%#%,NA,NA
237,NA,NA,NA,NA,90 verb,1,NA,%,0,VP,zero,VP,NA,NA,NA,%#%,NA,NA
238,NA,NA,NA,NA,9w o,1,NA,%,N,WO,nonstandard,word order,NA,NA,NA,%#%,NA,NA
239,NA,NA,NA,NA,#9nst.#,3,NA,%,N,NS,nonstandard,not specified,NA,NA,NA,%#%,NA,NA
240,73,73,73,NA,* ,1,1,%,P,AU,pause,NA,%PAU: pause,25,NA, ((...)) ,NA,test3
241,201,NA,NA,head,language of ELL/TUR,6,NA,NA,NA,NA,NA,NA,NA,NA, of (ELL|TUR).+?(:.*),\\2,NA,NA
242,73,73,73,NA,#PAU#,1,1,%,P,AU,pause,NA,%PAU: pause,25,NA, ((...)) ,NA,test3
243,201,NA,NA,trans,double spaces,5,NA,NA,NA,NA,NA,NA,NA,NA,  , ,NA,NA
244,NA,NA,NA,NA,#9nstauch#,1,NA,%,N,NS,nonstandard,not specified,NA,NA,NA,%#%,NA,NA
245,NA,NA,NA,NA,#9unverstaendlich#,3,NA,%,C,OM,cmnt,unclear,NA,NA,NA,%#%,NA,NA
246,NA,NA,NA,NA,#90subj#,2,NA,%,0,SU,zero,subject,NA,NA,NA,%#%,NA,NA
247,NA,NA,NA,NA,#9unklar#,3,NA,%,C,OM,cmnt,unclear,NA,NA,NA,%#%,NA,NA
248,NA,NA,NA,NA,#9misunderstanding#,3,NA,%,C,OM,cmnt,misunderstanding,NA,NA,NA,%#%,NA,NA
249,NA,NA,NA,NA,#9poss#,1,NA,%,N,PV,nonstandard,possessive,NA,NA,NA,%#%,NA,NA
250,NA,NA,NA,NA,#9s#,1,NA,%,N,NS,nonstandard,not specified,NA,NA,NA,%#%,NA,NA
251,NA,NA,NA,NA,#9nstauch#,1,NA,%,N,NS,nonstandard,not specified,NA,NA,NA,%#%,NA,NA
252,NA,NA,NA,NA,#9unverstaendlich#,3,NA,%,C,OM,cmnt,unclear,NA,NA,NA,%#%,NA,NA
253,NA,NA,NA,NA,#90subj#,2,NA,%,0,SU,zero,subject,NA,NA,NA,%#%,NA,NA
254,NA,NA,NA,NA,#9unklar#,3,NA,%,C,OM,cmnt,unclear,NA,NA,NA,%#%,NA,NA
255,NA,NA,NA,NA,#9misunderstanding#,3,NA,%,C,OM,cmnt,misunderstanding,NA,NA,NA,%#%,NA,NA
256,NA,NA,NA,NA,#9poss#,1,NA,%,N,PV,nonstandard,possessive,NA,NA,NA,%#%,NA,NA
257,NA,NA,NA,NA,#9s#,1,NA,%,N,NS,nonstandard,not specified,NA,NA,NA,%#%,NA,NA
261,NA,NA,NA,NA,"9double feminine ,nst@ ?",1,NA,%,N,GN,nonstandard,gender,NA,NA,NA,%#%,NA,NA
262,NA,NA,NA,NA,#9nstgen #,1,NA,%,N,GN,nonstandard,gender,NA,NA,NA,%#%,NA,NA
264,NA,NA,NA,NA,#9nstposs #,1,NA,%,N,PV,nonstandard,possessive,NA,NA,NA,%#%,NA,NA
265,NA,NA,NA,NA,#90 modal ornstconj #,1,NA,%,0,MD,zero,NA,NA,NA,NA,%#%,NA,NA